{"nodes":[{"index":576,"lodThreshold":22679122508.106388,"obb":{"center":[139.75826980053546,35.694698593116556,5.121548828929491],"halfSize":[363.3362061884254,21.083952131215483,386.6962920813821],"quaternion":[0,0,0,1]},"children":[],"mesh":{"geometry":{"definition":1,"resource":576,"vertexCount":276,"featureCount":6},"attribute":{"resource":576},"material":{"definition":1,"resource":576}}},{"index":577,"lodThreshold":23792807057.018646,"obb":{"center":[139.7448336121225,35.67291550971319,20.904831224527996],"halfSize":[144.1008520508185,417.0111038875766,318.0817018873058],"quaternion":[0,0,0,1]},"children":[],"mesh":{"geometry":{"definition":0,"resource":577,"vertexCount":450,"featureCount":1},"attribute":{"resource":577},"material":{"definition":0,"resource":577,"texelCountHint":131072}}},{"index":578,"lodThreshold":23792807057.018646,"obb":{"center":[139.7448336121225,35.67291550971319,20.904831224527996],"halfSize":[144.1008520508185,417.0111038875766,318.0817018873058],"quaternion":[0,0,0,1]},"children":[],"mesh":{"geometry":{"definition":1,"resource":578,"vertexCount":1590,"featureCount":16},"attribute":{"resource":578},"material":{"definition":1,"resource":578}}}]}